loan_id,ead,pd_12m,lgd,sector,days_past_due,origination_date
DEMO-0001,4529.43,0.0742,0.5782,Central branch,0,2024-09-29
DEMO-0002,8081.71,0.1565,0.7195,South branch,0,2025-05-11
DEMO-0003,10302.31,0.0192,0.4552,Central branch,0,2024-10-27
DEMO-0004,20431.17,0.0283,0.3878,South branch,0,2025-08-22
DEMO-0005,17761.51,0.1348,0.5791,South branch,0,2025-02-11
DEMO-0006,23214.68,0.1939,0.4239,Central branch,0,2024-07-22
DEMO-0007,13471.45,0.1253,0.4397,Central branch,0,2026-01-17
DEMO-0008,19216.11,0.1003,0.4611,Central branch,0,2025-09-25
DEMO-0009,21932.57,0.0975,0.4327,North branch,15,2026-06-06
DEMO-0010,19668.3,0.0351,0.3838,Central branch,15,2024-08-26
DEMO-0011,22048.29,0.0815,0.5517,North branch,15,2024-10-05
DEMO-0012,5958.09,0.1384,0.4099,North branch,0,2026-01-08
DEMO-0013,13759.35,0.07,0.4929,North branch,15,2026-02-26
DEMO-0014,13495.48,0.0605,0.5716,North branch,0,2026-07-24
DEMO-0015,6417.26,0.0686,0.5354,South branch,0,2026-01-13
DEMO-0016,21832.08,0.225,0.4781,Central branch,0,2024-07-29
DEMO-0017,23907.79,0.0325,0.6425,North branch,0,2024-07-16
DEMO-0018,14798.96,0.3112,0.6646,Central branch,15,2026-05-19
DEMO-0019,23991.98,0.1032,0.5884,Central branch,0,2025-01-21
DEMO-0020,19609.91,0.0575,0.4781,Central branch,0,2025-09-12
DEMO-0021,21462.4,0.1428,0.4816,South branch,0,2026-03-28
DEMO-0022,8925.06,0.143,0.5099,North branch,15,2026-01-22
DEMO-0023,18950.56,0.2055,0.4385,Central branch,35,2026-05-05
DEMO-0024,9523.13,0.1558,0.6992,North branch,15,2025-03-06
DEMO-0025,12658.61,0.1197,0.5078,North branch,0,2024-05-30
DEMO-0026,8781.09,0.0933,0.4268,North branch,0,2024-10-04
DEMO-0027,10267.39,0.1436,0.4445,Central branch,0,2024-11-08
DEMO-0028,17856.06,0.0132,0.5382,Central branch,0,2026-01-27
DEMO-0029,18236.43,0.2099,0.7457,Central branch,0,2026-08-04
DEMO-0030,13468.81,0.2827,0.7214,Central branch,35,2025-03-22
DEMO-0031,11149.9,0.0473,0.7398,Central branch,0,2024-07-13
DEMO-0032,22279.83,0.1657,0.7308,North branch,0,2025-11-11
DEMO-0033,13516.07,0.0628,0.6921,North branch,0,2025-10-05
DEMO-0034,9264.2,0.157,0.5422,Central branch,0,2025-08-10
DEMO-0035,22821.4,0.107,0.6819,North branch,0,2024-09-13
DEMO-0036,10170.45,0.0745,0.445,Central branch,0,2025-05-25
DEMO-0037,22520.25,0.1256,0.5566,Central branch,0,2024-11-05
DEMO-0038,16336.75,0.0537,0.7105,Central branch,0,2025-09-25
DEMO-0039,10561.59,0.1031,0.5198,South branch,0,2026-01-13
DEMO-0040,4896.41,0.0906,0.6056,North branch,0,2025-12-31
DEMO-0041,18033.65,0.3154,0.478,South branch,35,2024-04-30
DEMO-0042,18528.28,0.0668,0.5699,Central branch,0,2026-01-30
DEMO-0043,21077.83,0.0532,0.4511,South branch,0,2024-05-23
DEMO-0044,9835.23,0.1251,0.429,North branch,0,2024-06-26
DEMO-0045,20449.42,0.0606,0.3639,Central branch,15,2024-04-25
DEMO-0046,10814.43,0.18,0.5642,Central branch,0,2026-05-04
DEMO-0047,11118.28,0.11,0.5221,Central branch,0,2026-06-19
DEMO-0048,9605.97,0.0532,0.7036,Central branch,0,2024-10-01
DEMO-0049,12463.49,0.2065,0.5149,Central branch,0,2026-08-18
DEMO-0050,11109.98,0.0763,0.6951,North branch,0,2025-01-05
DEMO-0051,9256.75,0.0176,0.4236,Central branch,0,2025-05-22
DEMO-0052,5041.44,0.1011,0.5642,Central branch,0,2026-01-29
DEMO-0053,10128.49,0.1077,0.4915,Central branch,0,2024-08-09
DEMO-0054,17551.07,0.0593,0.6299,Central branch,0,2024-10-09
DEMO-0055,18136.39,0.1906,0.5408,North branch,15,2024-09-12
DEMO-0056,6790.71,0.1241,0.3697,Central branch,0,2024-04-08
DEMO-0057,21469.61,0.0975,0.5569,North branch,0,2024-08-18
DEMO-0058,10759.47,0.2104,0.6968,Central branch,0,2025-04-08
DEMO-0059,15178.85,0.0227,0.7078,Central branch,0,2025-01-02
DEMO-0060,6687.31,0.0194,0.5738,North branch,0,2025-09-28
DEMO-0061,12780.49,0.322,0.4979,North branch,95,2025-06-30
DEMO-0062,17460.07,0.1039,0.4862,North branch,0,2025-12-01
DEMO-0063,4342.04,0.2451,0.6924,Central branch,35,2024-03-16
DEMO-0064,17349.43,0.2443,0.4841,Central branch,0,2024-04-06
DEMO-0065,16829.28,0.1892,0.664,Central branch,0,2026-08-06
DEMO-0066,10707.75,0.0292,0.3606,North branch,0,2026-07-01
DEMO-0067,20697.72,0.0914,0.5987,Central branch,0,2025-02-07
DEMO-0068,23465.91,0.1517,0.6141,Central branch,0,2024-02-09
DEMO-0069,21774.94,0.2324,0.4995,North branch,35,2025-08-21
DEMO-0070,14564.82,0.1874,0.6939,South branch,0,2025-06-22
DEMO-0071,18563.39,0.0865,0.6833,Central branch,0,2024-01-30
DEMO-0072,5757.96,0.0517,0.6252,Central branch,15,2025-06-08
DEMO-0073,6461.88,0.005,0.5394,Central branch,15,2026-04-07
DEMO-0074,13991.69,0.3839,0.6814,North branch,0,2024-09-04
DEMO-0075,10169.31,0.0664,0.5231,North branch,0,2025-10-21
DEMO-0076,11801.14,0.1885,0.5178,North branch,0,2026-02-06
DEMO-0077,7232.21,0.0182,0.4541,Central branch,0,2026-01-13
DEMO-0078,20153.31,0.1794,0.501,North branch,0,2024-06-20
DEMO-0079,18802.53,0.0533,0.5678,Central branch,15,2026-03-09
DEMO-0080,16013.98,0.0942,0.3762,South branch,0,2024-11-15
DEMO-0081,8430.45,0.356,0.5216,Central branch,0,2025-10-11
DEMO-0082,23198.24,0.024,0.5217,Central branch,15,2024-08-19
DEMO-0083,22444.88,0.0422,0.6076,Central branch,0,2024-09-18
DEMO-0084,9830.34,0.0613,0.6704,South branch,0,2025-01-02
DEMO-0085,6461.78,0.0376,0.4715,South branch,0,2024-11-28
DEMO-0086,6824.6,0.0826,0.5516,Central branch,0,2025-12-15
DEMO-0087,21670.57,0.0189,0.6679,North branch,0,2024-01-31
DEMO-0088,23157.66,0.0666,0.4689,Central branch,0,2024-08-13
DEMO-0089,23830.62,0.1777,0.7302,North branch,35,2024-03-22
DEMO-0090,8642.79,0.0505,0.7107,Central branch,0,2024-06-10
DEMO-0091,14094.99,0.1582,0.4637,South branch,0,2025-04-17
DEMO-0092,10382.52,0.2741,0.6613,North branch,35,2024-12-08
DEMO-0093,17881.05,0.1183,0.7372,Central branch,15,2026-06-26
DEMO-0094,14126.77,0.2204,0.6695,Central branch,0,2026-01-06
DEMO-0095,14483.76,0.0829,0.4013,South branch,0,2025-11-28
DEMO-0096,18724.52,0.1085,0.7412,Central branch,0,2025-10-04
DEMO-0097,6849.95,0.0269,0.5551,Central branch,15,2024-01-10
DEMO-0098,7962.86,0.3158,0.3998,Central branch,95,2025-10-01
DEMO-0099,15561.96,0.125,0.6826,North branch,65,2026-05-16
DEMO-0100,4618.42,0.0602,0.6909,North branch,0,2025-08-14
DEMO-0101,15360.24,0.1268,0.3757,South branch,0,2026-01-08
DEMO-0102,12377.34,0.005,0.6367,Central branch,0,2025-10-11
DEMO-0103,18316.59,0.1362,0.6617,South branch,0,2025-12-21
DEMO-0104,7715.88,0.075,0.7049,North branch,0,2024-10-12
DEMO-0105,12547.43,0.131,0.6449,North branch,0,2025-08-15
DEMO-0106,14608.51,0.2115,0.3871,Central branch,0,2024-10-25
DEMO-0107,14900.64,0.0592,0.7234,Central branch,0,2026-08-13
DEMO-0108,17776.74,0.1347,0.5532,South branch,0,2024-12-20
DEMO-0109,23204.51,0.1034,0.6502,Central branch,0,2025-10-29
DEMO-0110,10325.32,0.0838,0.3556,North branch,0,2024-09-05
DEMO-0111,4393.73,0.0908,0.3844,Central branch,0,2024-08-31
DEMO-0112,23664.22,0.2441,0.44,Central branch,0,2024-05-24
DEMO-0113,22051.48,0.2129,0.662,North branch,0,2024-09-20
DEMO-0114,10622.1,0.2894,0.7349,South branch,15,2026-07-13
DEMO-0115,6377.34,0.0671,0.5697,Central branch,0,2025-04-13
DEMO-0116,19409.46,0.0962,0.5444,South branch,0,2024-09-07
DEMO-0117,18072.49,0.0496,0.5887,Central branch,15,2024-10-24
DEMO-0118,16184.8,0.1072,0.73,Central branch,0,2025-03-01
DEMO-0119,18248.01,0.1432,0.7274,Central branch,35,2025-05-20
DEMO-0120,19606.45,0.1836,0.7315,North branch,0,2025-07-14
DEMO-0121,20355.04,0.0984,0.6038,Central branch,0,2024-07-16
DEMO-0122,21922.0,0.0861,0.6951,South branch,0,2024-04-21
DEMO-0123,16911.51,0.074,0.6771,Central branch,0,2026-04-28
DEMO-0124,19257.98,0.0574,0.5435,North branch,0,2026-01-08
DEMO-0125,10479.37,0.1473,0.5141,North branch,0,2025-03-06
DEMO-0126,7470.68,0.0681,0.521,North branch,0,2024-03-28
DEMO-0127,17851.33,0.1295,0.7262,Central branch,0,2024-07-07
DEMO-0128,11478.9,0.0919,0.6928,North branch,0,2025-05-25
DEMO-0129,12781.15,0.1766,0.7162,Central branch,0,2024-10-02
DEMO-0130,5230.22,0.0702,0.5348,Central branch,15,2026-05-31
DEMO-0131,22064.12,0.1835,0.6785,South branch,0,2026-03-01
DEMO-0132,4751.93,0.333,0.7367,Central branch,35,2024-04-03
DEMO-0133,8157.19,0.0747,0.735,Central branch,0,2025-09-26
DEMO-0134,21442.72,0.1499,0.5495,South branch,15,2025-06-12
DEMO-0135,20155.77,0.0641,0.6946,South branch,0,2024-11-01
DEMO-0136,8280.11,0.2196,0.52,North branch,35,2025-10-18
DEMO-0137,5115.58,0.0898,0.7412,North branch,0,2025-09-21
DEMO-0138,6858.91,0.0205,0.5436,North branch,0,2024-08-03
DEMO-0139,13127.13,0.1727,0.4688,South branch,0,2024-01-30
DEMO-0140,9333.48,0.2065,0.5558,Central branch,35,2025-12-03
DEMO-0141,15940.45,0.0772,0.4059,South branch,0,2025-04-24
DEMO-0142,20943.53,0.1421,0.4646,Central branch,0,2026-05-26
DEMO-0143,12400.67,0.0252,0.657,Central branch,0,2024-06-12
DEMO-0144,22070.03,0.0566,0.7013,Central branch,0,2024-03-22
DEMO-0145,18305.86,0.1065,0.5977,South branch,0,2026-03-07
DEMO-0146,20474.86,0.0067,0.473,Central branch,0,2026-06-05
DEMO-0147,12481.66,0.0293,0.6791,South branch,0,2025-08-18
DEMO-0148,19491.57,0.3912,0.561,South branch,0,2025-03-19
DEMO-0149,23695.54,0.1149,0.6301,South branch,0,2025-09-20
DEMO-0150,6845.89,0.0434,0.7131,Central branch,0,2024-02-11
DEMO-0151,16120.59,0.2037,0.4362,North branch,35,2024-04-24
DEMO-0152,21152.16,0.0182,0.3669,Central branch,0,2024-11-22
DEMO-0153,22799.29,0.1688,0.4006,Central branch,15,2025-05-16
DEMO-0154,10927.93,0.2369,0.4357,Central branch,65,2026-07-25
DEMO-0155,14168.19,0.0235,0.5318,North branch,0,2024-10-21
DEMO-0156,11966.13,0.0665,0.4286,North branch,0,2025-10-21
DEMO-0157,16914.36,0.1263,0.6687,South branch,0,2025-06-28
DEMO-0158,11742.04,0.0783,0.3669,Central branch,0,2025-04-14
DEMO-0159,17361.58,0.2402,0.5988,Central branch,65,2024-10-06
DEMO-0160,15256.74,0.1118,0.6996,Central branch,0,2024-10-20
DEMO-0161,23982.65,0.164,0.4382,North branch,0,2025-07-14
DEMO-0162,15413.34,0.1527,0.6817,North branch,0,2025-04-30
DEMO-0163,15836.67,0.0938,0.7225,South branch,0,2025-05-15
DEMO-0164,10484.93,0.1039,0.6722,Central branch,0,2024-07-02
DEMO-0165,12688.14,0.0607,0.6453,North branch,0,2026-04-23
DEMO-0166,17496.21,0.0758,0.6579,South branch,0,2024-03-17
DEMO-0167,19697.33,0.1194,0.6387,North branch,0,2025-02-26
DEMO-0168,13458.01,0.0623,0.7178,Central branch,0,2026-07-01
DEMO-0169,4651.77,0.042,0.4537,Central branch,0,2026-01-23
DEMO-0170,14682.05,0.0398,0.5566,North branch,0,2026-06-24
DEMO-0171,7786.66,0.0855,0.6029,North branch,0,2024-04-28
DEMO-0172,3950.44,0.0861,0.3818,South branch,15,2025-01-29
DEMO-0173,12390.43,0.1302,0.5289,North branch,0,2024-07-29
DEMO-0174,15842.72,0.0186,0.659,North branch,0,2025-11-09
DEMO-0175,21615.27,0.0294,0.6346,South branch,0,2026-03-15
DEMO-0176,17855.19,0.0777,0.7236,Central branch,0,2024-08-22
DEMO-0177,12213.81,0.1514,0.7483,South branch,0,2025-04-13
DEMO-0178,8655.42,0.3555,0.6635,South branch,65,2024-12-09
DEMO-0179,4710.7,0.1373,0.3615,Central branch,0,2025-03-25
DEMO-0180,7468.75,0.1003,0.748,North branch,0,2024-10-13
DEMO-0181,9889.09,0.2299,0.3629,Central branch,0,2025-03-21
DEMO-0182,14847.74,0.0505,0.6027,North branch,0,2024-06-09
DEMO-0183,21807.53,0.1143,0.5819,North branch,0,2025-02-22
DEMO-0184,15478.69,0.2463,0.533,Central branch,0,2025-04-07
DEMO-0185,19406.52,0.0663,0.49,South branch,0,2024-03-21
DEMO-0186,19311.31,0.0688,0.3533,South branch,15,2025-10-13
DEMO-0187,23081.75,0.172,0.6481,Central branch,0,2026-07-29
DEMO-0188,18014.71,0.1844,0.5553,Central branch,15,2025-03-28
DEMO-0189,13826.82,0.0664,0.6141,South branch,0,2025-09-14
DEMO-0190,10094.16,0.0485,0.4724,Central branch,0,2024-03-13
DEMO-0191,11942.48,0.0583,0.434,South branch,0,2026-07-29
DEMO-0192,21751.9,0.0808,0.3575,Central branch,0,2024-11-12
DEMO-0193,22293.56,0.0512,0.5164,South branch,0,2026-02-10
DEMO-0194,4280.97,0.2058,0.4893,Central branch,0,2026-03-17
DEMO-0195,11600.93,0.0542,0.6913,Central branch,0,2024-07-21
DEMO-0196,17933.05,0.0546,0.5212,North branch,15,2025-11-29
DEMO-0197,4338.0,0.1213,0.5981,South branch,0,2025-02-14
DEMO-0198,15782.61,0.1264,0.5117,North branch,0,2025-12-02
DEMO-0199,6441.59,0.0512,0.6642,North branch,0,2024-04-04
DEMO-0200,11590.65,0.0164,0.5466,North branch,0,2026-05-28
DEMO-0201,10108.56,0.1589,0.5823,South branch,0,2025-11-04
DEMO-0202,13142.43,0.0971,0.671,Central branch,0,2024-03-19
DEMO-0203,19469.44,0.0923,0.5498,North branch,0,2024-03-18
DEMO-0204,20402.27,0.2499,0.5636,North branch,35,2024-10-23
DEMO-0205,23057.36,0.1527,0.412,North branch,35,2024-01-23
DEMO-0206,7726.37,0.179,0.3829,Central branch,15,2025-10-06
DEMO-0207,5462.95,0.0227,0.6065,Central branch,0,2024-09-20
DEMO-0208,23368.75,0.1426,0.6442,South branch,0,2026-01-12
DEMO-0209,6260.92,0.1423,0.4418,South branch,0,2025-03-18
DEMO-0210,18504.21,0.102,0.6801,Central branch,0,2026-03-19
DEMO-0211,22777.83,0.1284,0.4493,Central branch,0,2025-09-18
DEMO-0212,22484.58,0.2385,0.6639,South branch,95,2025-04-04
DEMO-0213,7250.23,0.0245,0.6241,North branch,0,2025-08-19
DEMO-0214,11699.23,0.0566,0.3655,Central branch,0,2024-02-14
DEMO-0215,18610.69,0.1022,0.674,North branch,0,2025-03-20
DEMO-0216,7620.11,0.1295,0.6606,North branch,0,2024-07-27
DEMO-0217,23332.51,0.2129,0.4939,Central branch,0,2024-01-09
DEMO-0218,7685.84,0.0568,0.7002,Central branch,15,2024-01-18
DEMO-0219,20160.85,0.1355,0.5569,Central branch,0,2025-04-12
DEMO-0220,10344.32,0.1197,0.6945,Central branch,0,2025-09-02
DEMO-0221,11393.16,0.2827,0.6671,Central branch,0,2024-07-09
DEMO-0222,21400.87,0.1859,0.6447,Central branch,95,2026-01-04
DEMO-0223,23191.12,0.0648,0.5575,Central branch,0,2024-08-02
DEMO-0224,14847.06,0.3714,0.5362,South branch,95,2025-07-16
DEMO-0225,5608.76,0.0374,0.3906,North branch,0,2024-09-15
DEMO-0226,8047.07,0.1714,0.5992,North branch,35,2024-02-06
DEMO-0227,11647.64,0.2072,0.6354,Central branch,35,2026-01-02
DEMO-0228,17209.97,0.1647,0.6045,South branch,15,2025-09-27
DEMO-0229,22762.6,0.1626,0.5788,South branch,0,2026-05-22
DEMO-0230,19616.39,0.2269,0.3796,Central branch,35,2026-07-01
DEMO-0231,12052.62,0.1497,0.515,South branch,0,2026-06-01
DEMO-0232,14636.77,0.1203,0.7375,Central branch,0,2024-09-08
DEMO-0233,16981.04,0.1401,0.3752,North branch,0,2025-07-05
DEMO-0234,17847.31,0.1169,0.6499,South branch,0,2024-04-27
DEMO-0235,15179.49,0.0916,0.7184,Central branch,0,2025-03-03
DEMO-0236,13385.11,0.1896,0.5195,North branch,0,2024-11-05
DEMO-0237,9256.01,0.0314,0.5483,North branch,0,2024-07-06
DEMO-0238,6891.24,0.0584,0.5008,North branch,0,2025-04-27
DEMO-0239,20313.85,0.0329,0.4052,North branch,0,2024-05-31
DEMO-0240,5475.12,0.1718,0.4627,South branch,0,2025-06-26
DEMO-0241,13629.41,0.0766,0.5676,Central branch,0,2024-01-29
DEMO-0242,20233.27,0.1486,0.3636,Central branch,0,2026-08-11
DEMO-0243,7959.93,0.0926,0.5662,Central branch,0,2024-06-12
DEMO-0244,3932.29,0.2225,0.4645,South branch,35,2026-01-27
DEMO-0245,3678.33,0.1352,0.5216,Central branch,35,2026-08-26
DEMO-0246,10640.93,0.0942,0.4665,Central branch,0,2025-05-12
DEMO-0247,5235.67,0.1402,0.5189,Central branch,15,2025-03-23
DEMO-0248,8307.21,0.0828,0.3715,Central branch,0,2025-08-15
DEMO-0249,14864.72,0.2457,0.372,South branch,15,2024-01-13
DEMO-0250,11335.63,0.1493,0.5147,South branch,0,2025-04-22
DEMO-0251,23368.09,0.1188,0.7065,North branch,0,2025-03-04
DEMO-0252,21248.08,0.0413,0.6641,North branch,0,2024-05-21
DEMO-0253,4258.59,0.1811,0.5543,South branch,15,2025-04-02
DEMO-0254,22653.15,0.1009,0.5279,Central branch,0,2025-11-06
DEMO-0255,11347.65,0.0945,0.3618,South branch,0,2024-11-29
DEMO-0256,12301.87,0.1793,0.4559,Central branch,0,2025-09-29
DEMO-0257,14008.86,0.2526,0.4234,North branch,65,2024-06-13
DEMO-0258,21656.51,0.0775,0.7092,South branch,0,2025-06-24
DEMO-0259,18704.59,0.1631,0.365,North branch,0,2025-11-02
DEMO-0260,21098.53,0.0829,0.7164,South branch,0,2025-01-04
DEMO-0261,7493.9,0.1087,0.6965,South branch,0,2025-12-24
DEMO-0262,4723.25,0.1833,0.473,South branch,0,2024-09-14
DEMO-0263,11613.91,0.0402,0.4952,Central branch,0,2025-05-30
DEMO-0264,23010.5,0.1076,0.4048,North branch,0,2025-05-14
DEMO-0265,16850.23,0.0442,0.6334,North branch,15,2025-08-09
DEMO-0266,4426.87,0.0486,0.5472,Central branch,0,2024-10-07
DEMO-0267,20881.1,0.1278,0.553,South branch,0,2025-01-16
DEMO-0268,19206.87,0.2223,0.6566,Central branch,0,2026-04-11
DEMO-0269,5136.62,0.0278,0.7428,Central branch,15,2026-04-14
DEMO-0270,14513.07,0.1441,0.4423,North branch,35,2025-05-21
DEMO-0271,5796.5,0.033,0.672,Central branch,0,2025-01-28
DEMO-0272,13191.81,0.0738,0.3618,South branch,0,2025-03-17
DEMO-0273,13423.61,0.1245,0.4616,Central branch,0,2026-03-09
DEMO-0274,16629.56,0.0689,0.4318,Central branch,15,2025-10-22
DEMO-0275,14392.78,0.128,0.5701,North branch,0,2025-03-30
DEMO-0276,23073.18,0.066,0.7285,North branch,0,2025-09-10
DEMO-0277,12292.91,0.018,0.6849,North branch,0,2025-11-24
DEMO-0278,9550.25,0.1369,0.5429,Central branch,0,2025-11-28
DEMO-0279,23597.18,0.1945,0.6124,South branch,0,2026-06-05
DEMO-0280,8146.18,0.0975,0.5374,South branch,0,2025-12-21
DEMO-0281,10070.41,0.1326,0.5043,Central branch,0,2025-07-16
DEMO-0282,18435.09,0.1481,0.6762,Central branch,0,2026-08-10
DEMO-0283,21078.5,0.116,0.4111,Central branch,15,2025-12-05
DEMO-0284,8802.51,0.1775,0.4191,Central branch,0,2025-07-04
DEMO-0285,13925.96,0.0322,0.3508,North branch,0,2024-11-29
DEMO-0286,20436.97,0.1817,0.3529,South branch,0,2025-05-07
DEMO-0287,17312.48,0.3157,0.5385,North branch,35,2026-04-09
DEMO-0288,7701.76,0.0536,0.3812,Central branch,0,2025-08-28
DEMO-0289,16763.89,0.0171,0.6916,North branch,0,2025-08-26
DEMO-0290,5067.76,0.0698,0.5128,Central branch,0,2024-09-28
DEMO-0291,5552.06,0.1804,0.363,Central branch,0,2026-04-13
DEMO-0292,17587.03,0.0401,0.3562,Central branch,0,2025-07-14
DEMO-0293,11721.78,0.0627,0.7141,Central branch,0,2026-05-09
DEMO-0294,14731.86,0.0717,0.4923,Central branch,0,2024-11-08
DEMO-0295,21886.77,0.1754,0.4423,South branch,0,2025-04-05
DEMO-0296,13748.13,0.079,0.6309,South branch,0,2025-09-21
DEMO-0297,21715.74,0.0459,0.467,Central branch,0,2026-06-20
DEMO-0298,15632.7,0.0936,0.3733,Central branch,0,2026-01-13
DEMO-0299,5319.67,0.2766,0.6941,South branch,35,2025-12-27
DEMO-0300,4572.69,0.0129,0.6193,Central branch,0,2025-07-06
DEMO-0301,11791.33,0.0435,0.5026,South branch,0,2024-08-19
DEMO-0302,9591.01,0.0142,0.5701,North branch,0,2025-12-30
DEMO-0303,17965.97,0.2378,0.7384,North branch,0,2025-03-01
DEMO-0304,16764.34,0.1381,0.4664,Central branch,15,2024-03-18
DEMO-0305,5237.45,0.0738,0.7098,Central branch,15,2024-02-29
DEMO-0306,5397.8,0.0399,0.7142,Central branch,0,2025-04-22
DEMO-0307,16828.51,0.02,0.7404,Central branch,0,2024-03-11
DEMO-0308,21789.6,0.266,0.4078,Central branch,35,2025-03-18
DEMO-0309,10172.88,0.0898,0.5174,South branch,0,2024-01-07
DEMO-0310,5929.06,0.0631,0.4713,North branch,0,2024-06-21
DEMO-0311,9264.14,0.0272,0.4672,North branch,15,2024-04-30
DEMO-0312,3885.7,0.077,0.6683,Central branch,0,2024-11-21
DEMO-0313,13669.29,0.0483,0.4545,North branch,0,2025-10-19
DEMO-0314,6036.05,0.1001,0.7095,Central branch,0,2025-08-14
DEMO-0315,9155.62,0.0589,0.5247,Central branch,0,2025-09-04
DEMO-0316,9663.88,0.0521,0.4086,South branch,0,2026-01-04
DEMO-0317,13392.83,0.0809,0.5269,South branch,0,2025-04-03
DEMO-0318,3737.7,0.037,0.6518,North branch,0,2024-04-19
DEMO-0319,19073.18,0.1078,0.4147,North branch,15,2025-03-05
DEMO-0320,20534.86,0.0354,0.4289,North branch,0,2026-05-04
DEMO-0321,12302.03,0.1617,0.4033,Central branch,15,2026-06-11
DEMO-0322,22538.7,0.0782,0.6657,Central branch,0,2026-06-25
DEMO-0323,12320.44,0.0676,0.7218,Central branch,0,2025-10-23
DEMO-0324,18322.39,0.205,0.6949,Central branch,0,2026-07-18
DEMO-0325,13271.06,0.1901,0.6413,South branch,0,2024-09-18
DEMO-0326,7457.58,0.1663,0.6381,Central branch,95,2025-02-15
DEMO-0327,17463.15,0.0751,0.576,Central branch,0,2025-09-18
DEMO-0328,19132.3,0.161,0.6056,Central branch,15,2024-04-07
DEMO-0329,8644.93,0.0512,0.6257,North branch,0,2024-12-04
DEMO-0330,9138.25,0.1546,0.4293,Central branch,65,2026-08-25
DEMO-0331,6459.34,0.3949,0.7499,South branch,0,2025-03-03
DEMO-0332,18792.93,0.3815,0.5274,North branch,0,2026-08-25
DEMO-0333,23301.65,0.086,0.6194,North branch,0,2024-05-01
DEMO-0334,3788.35,0.0633,0.6216,Central branch,0,2024-10-01
DEMO-0335,9875.31,0.1541,0.5501,North branch,0,2024-12-06
DEMO-0336,4397.42,0.0377,0.632,Central branch,0,2025-09-24
DEMO-0337,3964.74,0.0555,0.7235,South branch,0,2026-04-21
DEMO-0338,20422.09,0.0249,0.3739,Central branch,0,2024-09-27
DEMO-0339,17341.67,0.2124,0.568,Central branch,0,2025-08-31
DEMO-0340,7711.78,0.0763,0.5738,Central branch,0,2025-02-01
DEMO-0341,17586.97,0.014,0.3923,Central branch,0,2025-07-09
DEMO-0342,19218.45,0.1845,0.4604,Central branch,0,2026-04-24
DEMO-0343,9439.31,0.1268,0.7018,Central branch,0,2026-07-06
DEMO-0344,14986.45,0.0733,0.3804,North branch,15,2025-07-04
DEMO-0345,22739.22,0.1857,0.3906,North branch,35,2024-04-17
DEMO-0346,16551.89,0.1839,0.74,South branch,35,2024-12-15
DEMO-0347,20991.16,0.0523,0.4865,North branch,0,2024-01-14
DEMO-0348,14562.07,0.0795,0.4263,North branch,0,2024-07-06
DEMO-0349,6856.23,0.1339,0.4551,Central branch,0,2025-10-25
DEMO-0350,16801.16,0.2865,0.3895,South branch,0,2026-01-05
DEMO-0351,19326.45,0.0834,0.5047,Central branch,0,2025-06-27
DEMO-0352,21312.32,0.1282,0.7209,Central branch,0,2024-10-12
DEMO-0353,19106.59,0.1632,0.6683,Central branch,95,2025-09-21
DEMO-0354,22559.57,0.0384,0.6682,North branch,0,2026-06-07
DEMO-0355,11117.34,0.0469,0.4759,South branch,0,2026-06-13
DEMO-0356,18578.64,0.037,0.4562,North branch,0,2026-08-06
DEMO-0357,6696.09,0.0949,0.425,North branch,0,2024-12-16
DEMO-0358,6194.76,0.2024,0.4601,North branch,95,2024-09-25
DEMO-0359,22289.84,0.0712,0.7418,Central branch,15,2025-02-14
DEMO-0360,22675.4,0.0689,0.6617,North branch,0,2025-11-24
DEMO-0361,10218.28,0.0707,0.5281,South branch,0,2025-07-28
DEMO-0362,19694.34,0.0323,0.5433,Central branch,0,2024-06-17
DEMO-0363,23531.62,0.0902,0.3904,Central branch,0,2025-05-04
DEMO-0364,6783.37,0.108,0.5423,North branch,0,2026-01-05
DEMO-0365,4304.11,0.1156,0.6111,Central branch,0,2025-07-24
DEMO-0366,17851.49,0.0728,0.375,Central branch,0,2026-03-25
DEMO-0367,3630.87,0.105,0.456,North branch,0,2025-03-19
DEMO-0368,15964.47,0.0209,0.4342,Central branch,0,2024-09-18
DEMO-0369,16392.94,0.0809,0.5293,Central branch,0,2026-06-21
DEMO-0370,7490.87,0.0452,0.6157,South branch,15,2026-07-16
DEMO-0371,4899.93,0.1689,0.6374,Central branch,0,2025-07-23
DEMO-0372,8452.39,0.2863,0.4742,South branch,65,2026-02-02
DEMO-0373,11061.96,0.2206,0.58,Central branch,0,2024-03-11
DEMO-0374,9921.5,0.0182,0.4269,Central branch,0,2024-09-26
DEMO-0375,19107.51,0.2065,0.4019,Central branch,0,2026-04-10
DEMO-0376,15522.29,0.0883,0.4258,Central branch,0,2026-02-01
DEMO-0377,4770.88,0.1741,0.3543,Central branch,0,2024-07-07
DEMO-0378,20718.08,0.092,0.5219,Central branch,0,2025-01-26
DEMO-0379,20436.01,0.0662,0.4944,Central branch,0,2025-02-23
DEMO-0380,5789.55,0.0092,0.5524,Central branch,15,2024-06-07
DEMO-0381,4182.39,0.183,0.4263,South branch,0,2025-07-21
DEMO-0382,16973.8,0.03,0.6773,Central branch,0,2026-01-16
DEMO-0383,11137.38,0.1388,0.4937,Central branch,0,2024-03-30
DEMO-0384,9130.77,0.0922,0.5099,Central branch,0,2024-01-31
DEMO-0385,17747.21,0.1202,0.6952,Central branch,15,2025-05-25
DEMO-0386,5922.37,0.0463,0.7285,Central branch,0,2026-06-24
DEMO-0387,19440.62,0.0647,0.6371,South branch,0,2025-12-29
DEMO-0388,16393.37,0.4268,0.637,Central branch,35,2026-06-22
DEMO-0389,20725.48,0.0542,0.5399,Central branch,15,2026-02-22
DEMO-0390,21480.09,0.1318,0.5755,Central branch,0,2026-04-12
DEMO-0391,13118.52,0.2842,0.4517,South branch,35,2026-01-10
DEMO-0392,20782.88,0.1086,0.6286,Central branch,0,2026-08-24
DEMO-0393,8977.76,0.2986,0.7423,North branch,0,2024-04-29
DEMO-0394,11365.14,0.2157,0.7244,Central branch,35,2024-11-27
DEMO-0395,10100.86,0.1399,0.6683,North branch,0,2024-02-26
DEMO-0396,3805.62,0.0925,0.6523,Central branch,0,2025-01-07
DEMO-0397,19428.0,0.0366,0.5207,South branch,0,2026-06-10
DEMO-0398,23210.1,0.1251,0.7119,South branch,0,2024-01-18
DEMO-0399,20618.4,0.3743,0.351,South branch,0,2024-01-08
DEMO-0400,21918.12,0.2808,0.4553,North branch,0,2024-01-07
